Workbook

Sheet Lista zestawow
A1: LISTA ŚLEDZONYCH ZESTAWÓW LEGO – 339 zestawów wycofywanych Grudzień 2026
A2: ➤ Zmień 'TAK' na 'NIE' przy zestawach które NIE chcesz śledzić. Skrypt pobiera dane tylko dla wierszy z TAK.
A3: Nr setu | B3: Nazwa zestawu | C3: Seria LEGO | D3: Data wycofania | E3: Aktywny?
A4: 30731 | B4: Tom Nook and Flying Present (Polybag) | C4: Animal Crossing | D4: 2026-12-31 | E4: TAK
A5: 77053 | B5: Stargazing with Celeste | C5: Animal Crossing | D5: 2026-12-31 | E5: TAK
A6: 77056 | B6: Blathers's Museum Collection | C6: Animal Crossing | D6: 2026-12-31 | E6: TAK
A7: 77058 | B7: Goldie's Cosy House | C7: Animal Crossing | D7: 2026-12-31 | E7: TAK
A8: 21060 | B8: Himeji Castle | C8: Architecture | D8: 2026-12-31 | E8: TAK
A9: 31216 | B9: Keith Haring - Dancing Figures | C9: Art | D9: 2026-12-31 | E9: TAK
A10: 11201 | B10: Playground Fun with Bluey and Chloe | C10: Bluey | D10: 2026-12-31 | E10: TAK
A11: 11202 | B11: Bluey's Beach & Family Car Trip | C11: Bluey | D11: 2026-12-31 | E11: TAK
A12: 30687 | B12: Bluey Tea Party (Polybag) | C12: Bluey | D12: 2026-12-31 | E12: TAK
A13: 10345 | B13: Flower Arrangement | C13: Botanical Collection | D13: 2026-12-31 | E13: TAK
A14: 30701 | B14: Field Flowers | C14: Botanical Collection | D14: 2026-12-31 | E14: TAK
... A342: 75685 | B342: Emerald City Wall Art | C342: Wicked | D342: 2026-12-31 | E342: TAK

Sheet Dane dzienne
A1: DANE DZIENNE – uzupełniane automatycznie przez skrypt każdego dnia
A2: ➤ Nie edytuj tego arkusza ręcznie. Skrypt dopisuje tu nowy wiersz każdego dnia – stare dane są zachowywane.
A3: Data | B3: Nr setu | C3: Nazwa zestawu | D3: Seria LEGO | E3: Najniższa cena (PLN) | F3: Liczba ofert | G3: Kupiło ostatnio | H3: Status

Sheet Podsumowanie 30 dni
A1: PODSUMOWANIE OSTATNICH 30 DNI – formuły aktualizują się automatycznie
A2: ➤ Dane obliczane automatycznie z arkusza 'Dane dzienne'. Nie wymaga edycji.
A3: Nr setu | B3: Nazwa zestawu | C3: Seria LEGO | D3: Min cena 30 dni (PLN) | E3: Śr. cena 30 dni (PLN) | F3: Śr. liczba ofert | G3: Maks. kupiło ostatnio
A4: 30731 | B4: Tom Nook and Flying Present (Polybag) | C4: Animal Crossing | D4: =IFERROR(MINIFS('Dane dzienne'!E:E,'Dane dzienne'!B:B,A4),"-") | E4: =IFERROR(ROUND(AVERAGEIF('Dane dzienne'!B:B,A4,'Dane dzienne'!E:E),2),"-") | F4: =IFERROR(ROUND(AVERAGEIF('Dane dzienne'!B:B,A4,'Dane dzienne'!F:F),0),"-") | G4: =IFERROR(MAXIFS('Dane dzienne'!G:G,'Dane dzienne'!B:B,A4),"-")
A5: 77053 | B5: Stargazing with Celeste | C5: Animal Crossing | D5: =IFERROR(MINIFS('Dane dzienne'!E:E,'Dane dzienne'!B:B,A5),"-") | E5: =IFERROR(ROUND(AVERAGEIF('Dane dzienne'!B:B,A5,'Dane dzienne'!E:E),2),"-") | F5: =IFERROR(ROUND(AVERAGEIF('Dane dzienne'!B:B,A5,'Dane dzienne'!F:F),0),"-") | G5: =IFERROR(MAXIFS('Dane dzienne'!G:G,'Dane dzienne'!B:B,A5),"-")
A6: 77056 | B6: Blathers's Museum Collection | C6: Animal Crossing | D6: =IFERROR(MINIFS('Dane dzienne'!E:E,'Dane dzienne'!B:B,A6),"-") | E6: =IFERROR(ROUND(AVERAGEIF('Dane dzienne'!B:B,A6,'Dane dzienne'!E:E),2),"-") | F6: =IFERROR(ROUND(AVERAGEIF('Dane dzienne'!B:B,A6,'Dane dzienne'!F:F),0),"-") | G6: =IFERROR(MAXIFS('Dane dzienne'!G:G,'Dane dzienne'!B:B,A6),"-")
A7: 77058 | B7: Goldie's Cosy House | C7: Animal Crossing | D7: =IFERROR(MINIFS('Dane dzienne'!E:E,'Dane dzienne'!B:B,A7),"-") | E7: =IFERROR(ROUND(AVERAGEIF('Dane dzienne'!B:B,A7,'Dane dzienne'!E:E),2),"-") | F7: =IFERROR(ROUND(AVERAGEIF('Dane dzienne'!B:B,A7,'Dane dzienne'!F:F),0),"-") | G7: =IFERROR(MAXIFS('Dane dzienne'!G:G,'Dane dzienne'!B:B,A7),"-")
A8: 21060 | B8: Himeji Castle | C8: Architecture | D8: =IFERROR(MINIFS('Dane dzienne'!E:E,'Dane dzienne'!B:B,A8),"-") | E8: =IFERROR(ROUND(AVERAGEIF('Dane dzienne'!B:B,A8,'Dane dzienne'!E:E),2),"-") | F8: =IFERROR(ROUND(AVERAGEIF('Dane dzienne'!B:B,A8,'Dane dzienne'!F:F),0),"-") | G8: =IFERROR(MAXIFS('Dane dzienne'!G:G,'Dane dzienne'!B:B,A8),"-")
A9: 31216 | B9: Keith Haring - Dancing Figures | C9: Art | D9: =IFERROR(MINIFS('Dane dzienne'!E:E,'Dane dzienne'!B:B,A9),"-") | E9: =IFERROR(ROUND(AVERAGEIF('Dane dzienne'!B:B,A9,'Dane dzienne'!E:E),2),"-") | F9: =IFERROR(ROUND(AVERAGEIF('Dane dzienne'!B:B,A9,'Dane dzienne'!F:F),0),"-") | G9: =IFERROR(MAXIFS('Dane dzienne'!G:G,'Dane dzienne'!B:B,A9),"-")
A10: 11201 | B10: Playground Fun with Bluey and Chloe | C10: Bluey | D10: =IFERROR(MINIFS('Dane dzienne'!E:E,'Dane dzienne'!B:B,A10),"-") | E10: =IFERROR(ROUND(AVERAGEIF('Dane dzienne'!B:B,A10,'Dane dzienne'!E:E),2),"-") | F10: =IFERROR(ROUND(AVERAGEIF('Dane dzienne'!B:B,A10,'Dane dzienne'!F:F),0),"-") | G10: =IFERROR(MAXIFS('Dane dzienne'!G:G,'Dane dzienne'!B:B,A10),"-")
A11: 11202 | B11: Bluey's Beach & Family Car Trip | C11: Bluey | D11: =IFERROR(MINIFS('Dane dzienne'!E:E,'Dane dzienne'!B:B,A11),"-") | E11: =IFERROR(ROUND(AVERAGEIF('Dane dzienne'!B:B,A11,'Dane dzienne'!E:E),2),"-") | F11: =IFERROR(ROUND(AVERAGEIF('Dane dzienne'!B:B,A11,'Dane dzienne'!F:F),0),"-") | G11: =IFERROR(MAXIFS('Dane dzienne'!G:G,'Dane dzienne'!B:B,A11),"-")
A12: 30687 | B12: Bluey Tea Party (Polybag) | C12: Bluey | D12: =IFERROR(MINIFS('Dane dzienne'!E:E,'Dane dzienne'!B:B,A12),"-") | E12: =IFERROR(ROUND(AVERAGEIF('Dane dzienne'!B:B,A12,'Dane dzienne'!E:E),2),"-") | F12: =IFERROR(ROUND(AVERAGEIF('Dane dzienne'!B:B,A12,'Dane dzienne'!F:F),0),"-") | G12: =IFERROR(MAXIFS('Dane dzienne'!G:G,'Dane dzienne'!B:B,A12),"-")
A13: 10345 | B13: Flower Arrangement | C13: Botanical Collection | D13: =IFERROR(MINIFS('Dane dzienne'!E:E,'Dane dzienne'!B:B,A13),"-") | E13: =IFERROR(ROUND(AVERAGEIF('Dane dzienne'!B:B,A13,'Dane dzienne'!E:E),2),"-") | F13: =IFERROR(ROUND(AVERAGEIF('Dane dzienne'!B:B,A13,'Dane dzienne'!F:F),0),"-") | G13: =IFERROR(MAXIFS('Dane dzienne'!G:G,'Dane dzienne'!B:B,A13),"-")
A14: 30701 | B14: Field Flowers | C14: Botanical Collection | D14: =IFERROR(MINIFS('Dane dzienne'!E:E,'Dane dzienne'!B:B,A14),"-") | E14: =IFERROR(ROUND(AVERAGEIF('Dane dzienne'!B:B,A14,'Dane dzienne'!E:E),2),"-") | F14: =IFERROR(ROUND(AVERAGEIF('Dane dzienne'!B:B,A14,'Dane dzienne'!F:F),0),"-") | G14: =IFERROR(MAXIFS('Dane dzienne'!G:G,'Dane dzienne'!B:B,A14),"-")
A15: 40725 | B15: Cherry Blossoms | C15: Botanical Collection | D15: =IFERROR(MINIFS('Dane dzienne'!E:E,'Dane dzienne'!B:B,A15),"-") | E15: =IFERROR(ROUND(AVERAGEIF('Dane dzienne'!B:B,A15,'Dane dzienne'!E:E),2),"-") | F15: =IFERROR(ROUND(AVERAGEIF('Dane dzienne'!B:B,A15,'Dane dzienne'!F:F),0),"-") | G15: =IFERROR(MAXIFS('Dane dzienne'!G:G,'Dane dzienne'!B:B,A15),"-")
... A342: 75685 | B342: Emerald City Wall Art | C342: Wicked | D342: =IFERROR(MINIFS('Dane dzienne'!E:E,'Dane dzienne'!B:B,A342),"-") | E342: =IFERROR(ROUND(AVERAGEIF('Dane dzienne'!B:B,A342,'Dane dzienne'!E:E),2),"-") | F342: =IFERROR(ROUND(AVERAGEIF('Dane dzienne'!B:B,A342,'Dane dzienne'!F:F),0),"-") | G342: =IFERROR(MAXIFS('Dane dzienne'!G:G,'Dane dzienne'!B:B,A342),"-")
